ENST00000234875,GGGAGGCAGATGCGGGTGTGGAGGTGTGGG
ENST00000462138,GCCTAGGGCGGGTATGAAGTGTGGGGCGGG
ENST00000293831,GAGGAGCAGCAGGAGGGGGGAGGGAAGGGA
ENST00000309311,TAATGGGCCGGTCGGGGAGGGGGAGGCGGG
ENST00000341423,GGAAGATGAAGAGGATGAGGAGGAGGAGGA
ENST00000546500,GGTGGTGGTCGTGGAGGTGGTTTCGGTGGG
ENST00000388968,GGTGGAATGGGAGGTGGTATGGGAGGTGGC
ENST00000394936,TTGTTTGGGGTTCTGTGGGTTTGGGTGGGA
ENST00000333676,GCACAGACCTACTGTGGCGGGAGGGAGGGG
ENST00000343262,GCCCGGGGGCCCTGGTGGCCCTGGGATGGG
ENST00000265462,GAGTGGAAGTGGCCGTGGGGCGGGTATGGG
ENST00000264552,TTATGGCTGGGGTCGGGGAGGGTACAGGGG
ENST00000246802,CAGGCCAGGGCGAGGGGCCGGAGGCTGGGG
ENST00000396210,CCTCCTCCTCGGCCTCACCATTCCAGACCA
ENST00000396210,GGCCTCACCATTCCAGACCAAAATTGAAAA
ENST00000451311,GAAGAAGTGGGGTGGAAGAAGTGGGGTGGG
ENST00000358227,TGATGGGGGCGGGCGGGTACGTGTACTGGG
ENST00000358227,TCTGGGTTGGGGCTGATGGGGGCGGGCGGG
ENST00000391851,GTTTTAGGGGCCTGGGCTGGGGGGATGGGG
ENST00000372692,CAAAGGGTGGGTTTGAGATGTTTGGGTGGG
ENST00000221801,GGAGGTGGAGGCGGCGGCGGCGGTGGAGGA
ENST00000335007,CGGCGCCGCTGCGGGAGGGTCGGCGGTGGG
ENST00000529806,GCCCGGGGGCCCTGGTGGCCCTGGGATGGG
ENST00000268150,CAGAGGAGGGCATGGGTTGGCAGGGTGGGC
ENST00000373316,CCGCTTTCATGTGGAGGAAGAAGGGAAGGG
ENST00000373316,TCAATGAGATGATTATTGGTGGTGGAATGG
ENST00000373316,GCAGATTGTGTGGAATGGTCCTGTGGGGGT
ENST00000229270,TCCTTGGCTGAGAGATGGAAGGCGTGGTGG
ENST00000396705,TCCTTGGCTGAGAGATGGAAGGCGTGGTGG
ENST00000398606,ATCAGGGCCAGAGCTGGAAGGAGGAGGTGG
ENST00000326739,GGTGTGGATGCCCTGCGGGTGGGCATGGGA
ENST00000300026,TAGAGGGCATGGAGGTGGTGCGGAAGGTGG
ENST00000216146,GATCCAAGGTGAACAAGAAGGAGGTGGTGG
ENST00000401609,GATCCAAGGTGAACAAGAAGGAGGTGGTGG
ENST00000370321,GGTGCCCTGAAGGGAGCTGTGGATGGAGGC
ENST00000403564,AGCTAAGGAAATTGAAGTTGGTGGTGGTCG
ENST00000406376,AGCTAAGGAAATTGAAGTTGGTGGTGGTCG
ENST00000462576,AGCTAAGGAAATTGAAGTTGGTGGTGGTCG
ENST00000462138,CCTAGGGCGGGTATGAAGTGTGGGGCGGGG
ENST00000462138,AGACCTTCAAGGGCCGAGGGATCACGGGGG
ENST00000329251,GCAGAAGCCCCAGGCTGAGCGGAAGGAGGA
ENST00000293831,TGAGGAGCAGCAGGAGGGGGGAGGGAAGGG
ENST00000418115,AACTATGTGGCAGATATCGAGGTGGATGGA
ENST00000284727,GCCGCCGCCTCCTGGGAAGAGAGGAAGCGG
ENST00000550050,TGTGTGGAGAAGATTGGGGGCTGGCTGAGG
ENST00000550050,TCTGTCTCTTATCATGTTGGTGGAGGTGGC
ENST00000227266,CTGGGTGGGTGCATGATGTGTTGGGCCGGA
ENST00000348956,GTGGAGCTGGTGCAGATGGTGGTGGACGGA
ENST00000348956,GGCGGTGTGGACACGGCTGCGGTGGGCGGG
ENST00000258424,ATGAAGAGCAGGCGACTGGGTTGGAGAGGG
ENST00000318911,GAAGCTAAGGAGCTGGCTGCGGAGGTGGAG
ENST00000336458,CGGTTGGGCTCGCGGCGAGCGGACGGGGTC
ENST00000341423,AGGAAGATGAAGAGGATGAGGAGGAGGAGG
ENST00000546500,TGTCACATATGCCACTGTGGAGGAGGTGGA
ENST00000546500,ATGAATGCAAGGCCACACAAGGTGGATGGA
ENST00000388968,GGGTGGAATGGGAGGTGGTATGGGAGGTGG
ENST00000388968,GGAATGGGTGCAATGGGTGGAATGGGAGGT
ENST00000233893,TGTTGGATCGGGTTCTAAAGGAAAGGGTGG
ENST00000350669,CAGCAGCTGCCATGGATGGATTTTGGGGGA
ENST00000396076,CAGCAGCTGCCATGGATGGATTTTGGGGGA
ENST00000335181,AAGGTGCCGACTTCCTGGTGACGGAGGTGG
ENST00000394936,GCAAACGCCATGTGTGGAACTAGGAGGAGG
ENST00000259457,GATAAGTTTAGGCCAGACATGGAGGAGGAG
ENST00000333676,TCCCTGCTGCAGCAGCCCAGGAGGCGGTGG
ENST00000612212,GAAGCCAAGAGAGGCATCAGGATGGGTGGG
ENST00000373715,GTTGGTTGGTGTTGGGCCGGAGGAAAGCGG
ENST00000379060,GCGGACGGGTTGTGCCTGGAGGTGGAGGGG
ENST00000530705,GCGGACGGGTTGTGCCTGGAGGTGGAGGGG
ENST00000313511,CCAGGACTCTGAGATGGTGGAACTGGTGGA
ENST00000203407,GCCTGGCAGTGCCCTGGAGAAGGAGGTGGA
ENST00000342669,AGAGGAGCTGCAGAAGCGAGAGGAGGAGGA
ENST00000219479,TTTGAGAGGCGGGGCTTCACGCTGGTGGGG
ENST00000254810,TGTATTATAAAAACTTGGTGTGGGGGAGGA
ENST00000272227,TGAGACCGCGTTGGGGATTGGAGGGTTTGG
ENST00000301071,CCTTGAGAAGGATTATGAGGAGGTTGGTGT
ENST00000336023,TCACTGGTACGTGGGTGAGGGGATGGAGGA
ENST00000543796,GTTCAAACTTGTATTGGTTGGTGATGGTGG
ENST00000258091,AAGAATGATTCAGTGGTGGCTGGTGGCGGG
ENST00000394440,TTGATGACTGTGAGTTGGTGGAAGGGCTGG
ENST00000337130,AAAGGCCCTAAAAGTCTGATTGGTGTGAGG
ENST00000420826,TGATTGACATCAAGTGGAGACGGGATGGGG
ENST00000593829,AGGTGTGTTTGGTGGCCGGGGCCGAGGTGG
ENST00000356493,CGTGCCGCAGCAGGAGGCCTGGGTGGTGGA
ENST00000264552,TATGGCTGGGGTCGGGGAGGGTACAGGGGG
ENST00000264552,GACCGAAGAACGCAGGAAGGGGGCCGGGGG
ENST00000246802,CCAGGCCAGGGCGAGGGGCCGGAGGCTGGG
ENST00000507754,GATGCTTCGGGAGAACCTGGAGGAGGAGGC
ENST00000335514,CTCCATCCGGGAAGCCGGTGGGGCCTTCGG
ENST00000229238,GGGCCCATATGGCTTCGAGGTTGGAAAGGG
ENST00000302182,TTTGTGTCCCTGTGGGTGGACGTGGTTGGT
ENST00000451311,AAGAAGTGGGGTGGAAGAAGTGGGGTGGGA
ENST00000397375,GGGTCTGCATCTTAGGGGGGAGGGCTGGGG
ENST00000301072,TCACTGGTACGTGGGTGAGGGGATGGAGGA
ENST00000358227,GATGGGGGCGGGCGGGTACGTGTACTGGGT
ENST00000311086,GCGGGGGAACTGGCGCGGTGGGCGGCGGCG
ENST00000311487,CGCATCCCAGCCATCACTCTTCCACCTGCT
ENST00000622257,GCTGGCGAACGGCGGGGAGGGAATGGAGGA
ENST00000622257,TGGCGAACGGCGGGGAGGGAATGGAGGAGG
ENST00000391851,GACCATCATCAAGGGGAAGGTGGAGGAGGT
ENST00000391851,AGGAGGTGGAGCTCCCAGTGGAGAAGGTGG
ENST00000361298,GCAGATCAATGATGGGATGGGTGGAGATGG
ENST00000333628,AGTTCGAGGAGGAGGAGGGCGAGGACGAGG
ENST00000333628,GGAGTTCGAGGAGGAGGAGGGCGAGGACGA
ENST00000333628,CGAACAAGGGGAGTTCGAGGAGGAGGAGGG
ENST00000372692,AAAGGGTGGGTTTGAGATGTTTGGGTGGGT
ENST00000525340,GCAGAAGCCCCAGGCTGAGCGGAAGGAGGA
ENST00000262056,GGAACCTGGTTGGGCAGTAGGGGAGGGAGG
ENST00000221801,TGGTGGCAACCGGGGTCGTGGTCGGGGAGG
ENST00000270776,AACCCTGCTGTGACTGGGTGGGAGATGAGG
ENST00000394936,GGGTGTGGATTGGATGCTGGGGTGTGGGGG
ENST00000229390,CGGCGAGGGCGACGGGCGCATCTACGTGGG
ENST00000229390,GCGCGGCGGCGAGGGCGACGGGCGCATCTA
ENST00000229390,CGGACGAGCGCGGCGGCGAGGGCGACGGGC
ENST00000522934,GAAAGATTTTGAGGAGATGAGGAAGGCTGG
ENST00000219479,CTGGACCCGGGAGCGGACCCTGGTGGCGGT
ENST00000602624,GTTTTGTTTTGCTTTGTTTAAAGCCGTGGG
ENST00000602624,GCAAGGAGGGGGGTTATTAGGATTGGTGGT
ENST00000602624,CACAGCGTGGAGACGGGGCAAGGAGGGGGG
ENST00000394053,CTAGGGAAGAATGTGGTTGTGGCTGGAAGG
ENST00000373616,AGACCTAGGGAAGGTGAGGCGAGGTGGGGA
ENST00000344843,GATTTGCTGCTGCCTTGGGGGATGGGAAGG
ENST00000329421,GAATGAGTAGCTAGGTAGGGGCAGGTGGGT
ENST00000262948,AGAGCTGGGCGCGGGCAACGGCGGGGTGGT
ENST00000311086,AGTAGACAGGATTATTTCTCAGGTGGTGGA
ENST00000401473,CGCATCCCAGCCATCACTCTTCCACCTGCT
