,sequence
AGCTAAGGAAATTGAAGTTGGTGGTGGTCG,3
GATCCAAGGTGAACAAGAAGGAGGTGGTGG,2
GCCCGGGGGCCCTGGTGGCCCTGGGATGGG,2
CAGCAGCTGCCATGGATGGATTTTGGGGGA,2
TCACTGGTACGTGGGTGAGGGGATGGAGGA,2
GCAGAAGCCCCAGGCTGAGCGGAAGGAGGA,2
CGCATCCCAGCCATCACTCTTCCACCTGCT,2
TCCTTGGCTGAGAGATGGAAGGCGTGGTGG,2
GCGGACGGGTTGTGCCTGGAGGTGGAGGGG,2
GCAAGGAGGGGGGTTATTAGGATTGGTGGT,1
GTTTTGTTTTGCTTTGTTTAAAGCCGTGGG,1
AAGAAGTGGGGTGGAAGAAGTGGGGTGGGA,1
TTTGTGTCCCTGTGGGTGGACGTGGTTGGT,1
GGGCCCATATGGCTTCGAGGTTGGAAAGGG,1
CTCCATCCGGGAAGCCGGTGGGGCCTTCGG,1
GATGCTTCGGGAGAACCTGGAGGAGGAGGC,1
CCAGGCCAGGGCGAGGGGCCGGAGGCTGGG,1
GACCGAAGAACGCAGGAAGGGGGCCGGGGG,1
TATGGCTGGGGTCGGGGAGGGTACAGGGGG,1
CGTGCCGCAGCAGGAGGCCTGGGTGGTGGA,1
AGGTGTGTTTGGTGGCCGGGGCCGAGGTGG,1
TGATTGACATCAAGTGGAGACGGGATGGGG,1
AAAGGCCCTAAAAGTCTGATTGGTGTGAGG,1
TTGATGACTGTGAGTTGGTGGAAGGGCTGG,1
AAGAATGATTCAGTGGTGGCTGGTGGCGGG,1
GTTCAAACTTGTATTGGTTGGTGATGGTGG,1
GAATGAGTAGCTAGGTAGGGGCAGGTGGGT,1
AGAGCTGGGCGCGGGCAACGGCGGGGTGGT,1
CCTTGAGAAGGATTATGAGGAGGTTGGTGT,1
TGAGACCGCGTTGGGGATTGGAGGGTTTGG,1
TGTATTATAAAAACTTGGTGTGGGGGAGGA,1
TTTGAGAGGCGGGGCTTCACGCTGGTGGGG,1
AGAGGAGCTGCAGAAGCGAGAGGAGGAGGA,1
GCCTGGCAGTGCCCTGGAGAAGGAGGTGGA,1
GGGTCTGCATCTTAGGGGGGAGGGCTGGGG,1
GATTTGCTGCTGCCTTGGGGGATGGGAAGG,1
GATGGGGGCGGGCGGGTACGTGTACTGGGT,1
CGAACAAGGGGAGTTCGAGGAGGAGGAGGG,1
CTGGACCCGGGAGCGGACCCTGGTGGCGGT,1
GAAAGATTTTGAGGAGATGAGGAAGGCTGG,1
CGGACGAGCGCGGCGGCGAGGGCGACGGGC,1
GCGCGGCGGCGAGGGCGACGGGCGCATCTA,1
CGGCGAGGGCGACGGGCGCATCTACGTGGG,1
GGGTGTGGATTGGATGCTGGGGTGTGGGGG,1
AACCCTGCTGTGACTGGGTGGGAGATGAGG,1
TGGTGGCAACCGGGGTCGTGGTCGGGGAGG,1
GGAACCTGGTTGGGCAGTAGGGGAGGGAGG,1
AAAGGGTGGGTTTGAGATGTTTGGGTGGGT,1
GGAGTTCGAGGAGGAGGAGGGCGAGGACGA,1
GCGGGGGAACTGGCGCGGTGGGCGGCGGCG,1
AGTTCGAGGAGGAGGAGGGCGAGGACGAGG,1
GCAGATCAATGATGGGATGGGTGGAGATGG,1
AGGAGGTGGAGCTCCCAGTGGAGAAGGTGG,1
CACAGCGTGGAGACGGGGCAAGGAGGGGGG,1
GACCATCATCAAGGGGAAGGTGGAGGAGGT,1
TGGCGAACGGCGGGGAGGGAATGGAGGAGG,1
GCTGGCGAACGGCGGGGAGGGAATGGAGGA,1
CCAGGACTCTGAGATGGTGGAACTGGTGGA,1
CTAGGGAAGAATGTGGTTGTGGCTGGAAGG,1
AGACCTAGGGAAGGTGAGGCGAGGTGGGGA,1
GGGAGGCAGATGCGGGTGTGGAGGTGTGGG,1
TCCCTGCTGCAGCAGCCCAGGAGGCGGTGG,1
GTTGGTTGGTGTTGGGCCGGAGGAAAGCGG,1
GGTGTGGATGCCCTGCGGGTGGGCATGGGA,1
GCAGATTGTGTGGAATGGTCCTGTGGGGGT,1
TCAATGAGATGATTATTGGTGGTGGAATGG,1
CCGCTTTCATGTGGAGGAAGAAGGGAAGGG,1
CAGAGGAGGGCATGGGTTGGCAGGGTGGGC,1
CGGCGCCGCTGCGGGAGGGTCGGCGGTGGG,1
GGAGGTGGAGGCGGCGGCGGCGGTGGAGGA,1
CAAAGGGTGGGTTTGAGATGTTTGGGTGGG,1
GTTTTAGGGGCCTGGGCTGGGGGGATGGGG,1
TCTGGGTTGGGGCTGATGGGGGCGGGCGGG,1
TGATGGGGGCGGGCGGGTACGTGTACTGGG,1
GAAGAAGTGGGGTGGAAGAAGTGGGGTGGG,1
GGCCTCACCATTCCAGACCAAAATTGAAAA,1
CCTCCTCCTCGGCCTCACCATTCCAGACCA,1
CAGGCCAGGGCGAGGGGCCGGAGGCTGGGG,1
TTATGGCTGGGGTCGGGGAGGGTACAGGGG,1
GAGTGGAAGTGGCCGTGGGGCGGGTATGGG,1
GCACAGACCTACTGTGGCGGGAGGGAGGGG,1
TTGTTTGGGGTTCTGTGGGTTTGGGTGGGA,1
GGTGGAATGGGAGGTGGTATGGGAGGTGGC,1
GGTGGTGGTCGTGGAGGTGGTTTCGGTGGG,1
GGAAGATGAAGAGGATGAGGAGGAGGAGGA,1
TAATGGGCCGGTCGGGGAGGGGGAGGCGGG,1
GAGGAGCAGCAGGAGGGGGGAGGGAAGGGA,1
ATCAGGGCCAGAGCTGGAAGGAGGAGGTGG,1
TAGAGGGCATGGAGGTGGTGCGGAAGGTGG,1
GAAGCCAAGAGAGGCATCAGGATGGGTGGG,1
GGTGCCCTGAAGGGAGCTGTGGATGGAGGC,1
GCCTAGGGCGGGTATGAAGTGTGGGGCGGG,1
GATAAGTTTAGGCCAGACATGGAGGAGGAG,1
GCAAACGCCATGTGTGGAACTAGGAGGAGG,1
AAGGTGCCGACTTCCTGGTGACGGAGGTGG,1
TGTTGGATCGGGTTCTAAAGGAAAGGGTGG,1
GGAATGGGTGCAATGGGTGGAATGGGAGGT,1
GGGTGGAATGGGAGGTGGTATGGGAGGTGG,1
ATGAATGCAAGGCCACACAAGGTGGATGGA,1
TGTCACATATGCCACTGTGGAGGAGGTGGA,1
AGGAAGATGAAGAGGATGAGGAGGAGGAGG,1
CGGTTGGGCTCGCGGCGAGCGGACGGGGTC,1
GAAGCTAAGGAGCTGGCTGCGGAGGTGGAG,1
ATGAAGAGCAGGCGACTGGGTTGGAGAGGG,1
GGCGGTGTGGACACGGCTGCGGTGGGCGGG,1
GTGGAGCTGGTGCAGATGGTGGTGGACGGA,1
CTGGGTGGGTGCATGATGTGTTGGGCCGGA,1
TCTGTCTCTTATCATGTTGGTGGAGGTGGC,1
TGTGTGGAGAAGATTGGGGGCTGGCTGAGG,1
GCCGCCGCCTCCTGGGAAGAGAGGAAGCGG,1
AACTATGTGGCAGATATCGAGGTGGATGGA,1
TGAGGAGCAGCAGGAGGGGGGAGGGAAGGG,1
AGACCTTCAAGGGCCGAGGGATCACGGGGG,1
CCTAGGGCGGGTATGAAGTGTGGGGCGGGG,1
AGTAGACAGGATTATTTCTCAGGTGGTGGA,1
