,ENST,sequence,start,end
71,ENST00000219479,TTTGAGAGGCGGGGCTTCACGCTGGTGGGG,449078,449108
114,ENST00000219479,CTGGACCCGGGAGCGGACCCTGGTGGCGGT,448999,449029
20,ENST00000221801,GGAGGTGGAGGCGGCGGCGGCGGTGGAGGA,40331270,40331300
107,ENST00000221801,TGGTGGCAACCGGGGTCGTGGTCGGGGAGG,40331110,40331140
110,ENST00000229390,CGGCGAGGGCGACGGGCGCATCTACGTGGG,120907357,120907387
111,ENST00000229390,GCGCGGCGGCGAGGGCGACGGGCGCATCTA,120907363,120907393
112,ENST00000229390,CGGACGAGCGCGGCGGCGAGGGCGACGGGC,120907370,120907400
12,ENST00000246802,CAGGCCAGGGCGAGGGGCCGGAGGCTGGGG,48258026,48258056
85,ENST00000246802,CCAGGCCAGGGCGAGGGGCCGGAGGCTGGG,48258025,48258055
11,ENST00000264552,TTATGGCTGGGGTCGGGGAGGGTACAGGGG,55912696,55912726
83,ENST00000264552,TATGGCTGGGGTCGGGGAGGGTACAGGGGG,55912695,55912725
84,ENST00000264552,GACCGAAGAACGCAGGAAGGGGGCCGGGGG,55918983,55919013
2,ENST00000293831,GAGGAGCAGCAGGAGGGGGGAGGGAAGGGA,7481853,7481883
41,ENST00000293831,TGAGGAGCAGCAGGAGGGGGGAGGGAAGGG,7481852,7481882
94,ENST00000311086,GCGGGGGAACTGGCGCGGTGGGCGGCGGCG,173043391,173043421
123,ENST00000311086,AGTAGACAGGATTATTTCTCAGGTGGTGGA,173036387,173036417
101,ENST00000333628,AGTTCGAGGAGGAGGAGGGCGAGGACGAGG,3154102,3154132
102,ENST00000333628,GGAGTTCGAGGAGGAGGAGGGCGAGGACGA,3154104,3154134
103,ENST00000333628,CGAACAAGGGGAGTTCGAGGAGGAGGAGGG,3154113,3154143
8,ENST00000333676,GCACAGACCTACTGTGGCGGGAGGGAGGGG,79674419,79674449
63,ENST00000333676,TCCCTGCTGCAGCAGCCCAGGAGGCGGTGG,79671723,79673943
4,ENST00000341423,GGAAGATGAAGAGGATGAGGAGGAGGAGGA,31035540,31035570
52,ENST00000341423,AGGAAGATGAAGAGGATGAGGAGGAGGAGG,31035541,31035571
47,ENST00000348956,GTGGAGCTGGTGCAGATGGTGGTGGACGGA,103986279,103986309
48,ENST00000348956,GGCGGTGTGGACACGGCTGCGGTGGGCGGG,103986350,103986460
16,ENST00000358227,TGATGGGGGCGGGCGGGTACGTGTACTGGG,7799533,7799563
17,ENST00000358227,TCTGGGTTGGGGCTGATGGGGGCGGGCGGG,7799546,7799576
93,ENST00000358227,GATGGGGGCGGGCGGGTACGTGTACTGGGT,7799532,7799562
19,ENST00000372692,CAAAGGGTGGGTTTGAGATGTTTGGGTGGG,131457467,131457497
104,ENST00000372692,AAAGGGTGGGTTTGAGATGTTTGGGTGGGT,131457468,131457498
24,ENST00000373316,CCGCTTTCATGTGGAGGAAGAAGGGAAGGG,77369605,77369635
25,ENST00000373316,TCAATGAGATGATTATTGGTGGTGGAATGG,77378381,77378411
26,ENST00000373316,GCAGATTGTGTGGAATGGTCCTGTGGGGGT,77380429,77380459
6,ENST00000388968,GGTGGAATGGGAGGTGGTATGGGAGGTGGC,198351779,198351809
55,ENST00000388968,GGGTGGAATGGGAGGTGGTATGGGAGGTGG,198351780,198351810
56,ENST00000388968,GGAATGGGTGCAATGGGTGGAATGGGAGGT,198351794,198351824
18,ENST00000391851,GTTTTAGGGGCCTGGGCTGGGGGGATGGGG,50191597,50191627
98,ENST00000391851,GACCATCATCAAGGGGAAGGTGGAGGAGGT,50187187,50187217
99,ENST00000391851,AGGAGGTGGAGCTCCCAGTGGAGAAGGTGG,50187210,50187240
7,ENST00000394936,TTGTTTGGGGTTCTGTGGGTTTGGGTGGGA,73576512,73576542
61,ENST00000394936,GCAAACGCCATGTGTGGAACTAGGAGGAGG,73577191,73577221
109,ENST00000394936,GGGTGTGGATTGGATGCTGGGGTGTGGGGG,73576224,73576254
13,ENST00000396210,CCTCCTCCTCGGCCTCACCATTCCAGACCA,16500625,16500723
14,ENST00000396210,GGCCTCACCATTCCAGACCAAAATTGAAAA,16500635,16500733
15,ENST00000451311,GAAGAAGTGGGGTGGAAGAAGTGGGGTGGG,12995159,12995189
90,ENST00000451311,AAGAAGTGGGGTGGAAGAAGTGGGGTGGGA,12995160,12995190
1,ENST00000462138,GCCTAGGGCGGGTATGAAGTGTGGGGCGGG,53259748,53259778
38,ENST00000462138,CCTAGGGCGGGTATGAAGTGTGGGGCGGGG,53259747,53259777
39,ENST00000462138,AGACCTTCAAGGGCCGAGGGATCACGGGGG,53265563,53267199
5,ENST00000546500,GGTGGTGGTCGTGGAGGTGGTTTCGGTGGG,54676379,54676409
53,ENST00000546500,TGTCACATATGCCACTGTGGAGGAGGTGGA,54675622,54675652
54,ENST00000546500,ATGAATGCAAGGCCACACAAGGTGGATGGA,54675659,54675689
44,ENST00000550050,TGTGTGGAGAAGATTGGGGGCTGGCTGAGG,56119648,56119678
45,ENST00000550050,TCTGTCTCTTATCATGTTGGTGGAGGTGGC,56120708,56120738
115,ENST00000602624,GTTTTGTTTTGCTTTGTTTAAAGCCGTGGG,20978778,20978808
116,ENST00000602624,GCAAGGAGGGGGGTTATTAGGATTGGTGGT,20978806,20978836
117,ENST00000602624,CACAGCGTGGAGACGGGGCAAGGAGGGGGG,20978823,20978853
96,ENST00000622257,GCTGGCGAACGGCGGGGAGGGAATGGAGGA,57509135,57509165
97,ENST00000622257,TGGCGAACGGCGGGGAGGGAATGGAGGAGG,57509137,57509167
